{
  "timestamp": 1763930946.9307694,
  "fps": 15.364707692420406,
  "frame": 3104,
  "lane": {
    "detected": true,
    "gap_flags": {
      "left": true,
      "right": true
    },
    "had_gaps": true
  },
  "path": {
    "valid": true,
    "center_offset": 0.03374442085623741,
    "steering_angle": -0.353085994720459,
    "left_curvature": 140.71371459960938,
    "right_curvature": 140.71371459960938,
    "lane_departure_warning": false
  }
}