{
  "timestamp": 1763930483.3130019,
  "fps": 14.743083309606915,
  "frame": 2143,
  "lane": {
    "detected": true,
    "gap_flags": {
      "left": true,
      "right": true
    },
    "had_gaps": true
  },
  "path": {
    "valid": true,
    "center_offset": 0.01821320317685604,
    "steering_angle": -6.824411869049072,
    "left_curvature": 168.7817840576172,
    "right_curvature": 168.7817840576172,
    "lane_departure_warning": false
  }
}